{"cameraMode":{"drawMode":0,"name":"Shaded","section":"Shading Mode"},"sceneLighting":false,"audioPlay":false,"sceneViewState":{"showFog":true,"showMaterialUpdate":true,"showSkybox":true,"showFlares":true,"showImageEffects":true,"showParticleSystems":true},"in2DMode":false,"pivot":{"x":-128.19305419921876,"y":-1754.077392578125,"z":3097.024169921875},"rotation":{"x":-0.29186415672302248,"y":0.08221832662820816,"z":-0.025191299617290498,"w":-0.9525882005691528},"size":2839.74853515625,"orthographic":false}